Type,Name,Request Count,Failure Count,Median Response Time,Average Response Time,Min Response Time,Max Response Time,Average Content Size,Requests/s,Failures/s,50%,66%,75%,80%,90%,95%,98%,99%,99.9%,99.99%,100%
POST,/api/auth/login,1000,336,13000,12464.569422635965,882.0366250001825,21255.704290997528,1267.467,29.446866867726776,9.894147267556198,13000,19000,20000,20000,21000,21000,21000,21000,21000,21000,21000
GET,/api/polls/,213,72,8400,8617.595223394348,369.45700000069337,20887.841707997723,6914.760563380281,6.272182642825803,2.120174414476328,8400,9700,11000,12000,19000,20000,21000,21000,21000,21000,21000
GET,/api/posts,204,41,6700,7284.462226950829,310.81608300155494,20704.53062500019,4467.735294117647,6.007160841016263,1.207321541576798,6700,8200,9900,11000,18000,20000,21000,21000,21000,21000,21000
POST,/api/posts/:id/comments,851,180,8200,8783.251168472367,327.88670800073305,20880.04016600462,721.0928319623972,25.059283704435487,5.30043603619082,8200,10000,12000,13000,19000,20000,21000,21000,21000,21000,21000
POST,/api/posts:create,1,0,1424.4256249949103,1424.4256249949103,1424.4256249949103,1424.4256249949103,21.0,0.029446866867726778,0.0,1400,1400,1400,1400,1400,1400,1400,1400,1400,1400,1400
,Aggregated,2269,629,9000,10252.145733588299,310.81608300155494,21255.704290997528,1879.8589687086821,66.81494092287205,18.522079259800144,9000,13000,15000,19000,20000,21000,21000,21000,21000,21000,21000
