Type,Name,Request Count,Failure Count,Median Response Time,Average Response Time,Min Response Time,Max Response Time,Average Content Size,Requests/s,Failures/s,50%,66%,75%,80%,90%,95%,98%,99%,99.9%,99.99%,100%
POST,/api/auth/login,100,0,2000,1771.0448659602844,269.7264080052264,2903.671233987552,1140.78,4.77675401362037,0.0,2000,2200,2400,2500,2700,2800,2900,2900,2900,2900,2900
GET,/api/polls/,111,0,2200,2248.1865016216525,1033.6758579942398,3733.6605089949444,2502.6216216216217,5.30219695511861,0.0,2200,2300,2400,2500,2900,3100,3200,3500,3700,3700,3700
GET,/api/posts,119,0,1300,1291.7520455133656,239.30246599775273,2178.3325619908283,3551.294117647059,5.6843372762082405,0.0,1300,1400,1400,1500,1600,1900,2100,2200,2200,2200,2200
POST,/api/posts/:id/comments,555,0,1900,1957.2772248880938,723.2943449926097,3098.439512992627,24.96936936936937,26.51098477559305,0.0,1900,2100,2100,2200,2400,2600,2700,2900,3100,3100,3100
POST,/api/posts:create,1,0,449.5045770017896,449.5045770017896,449.5045770017896,449.5045770017896,21.0,0.0477675401362037,0.0,450,450,450,450,450,450,450,450,450,450,450
,Aggregated,886,0,1900,1881.6140474966305,239.30246599775273,3733.6605089949444,934.9345372460497,42.32204056067648,0.0,1900,2100,2200,2200,2400,2700,2900,3100,3700,3700,3700
