Type,Name,Request Count,Failure Count,Median Response Time,Average Response Time,Min Response Time,Max Response Time,Average Content Size,Requests/s,Failures/s,50%,66%,75%,80%,90%,95%,98%,99%,99.9%,99.99%,100%
POST,/api/auth/login,100,0,920,1001.0836628000106,503.740584004845,1716.7176250004559,1140.78,5.231290533560817,0.0,920,1100,1200,1200,1200,1300,1300,1700,1700,1700,1700
GET,/api/polls/,351,0,590,597.0744557294255,69.15983300132211,1092.9267090032226,2453.5612535612536,18.36182977279847,0.0,590,630,660,690,770,840,970,1000,1100,1100,1100
GET,/api/posts,324,0,140,149.9539609041766,22.12524999777088,531.8418750030105,4377.163580246914,16.94938132873705,0.0,140,150,160,170,200,250,300,350,530,530,530
POST,/api/posts/:id/comments,1827,0,350,353.24548941215653,37.968875003571156,836.6764169986709,24.0,95.57567804815613,0.0,350,380,400,420,480,530,620,660,780,840,840
POST,/api/posts:create,1,0,186.73279200447723,186.73279200447723,186.73279200447723,186.73279200447723,21.0,0.05231290533560818,0.0,190,190,190,190,190,190,190,190,190,190,190
,Aggregated,2603,0,350,385.64457376949633,22.12524999777088,1716.7176250004559,936.3611217825586,136.17049258858808,0.0,350,400,470,510,620,770,970,1200,1300,1700,1700
